Episode,Return,Coverage,Steps
1,1031.9350179569299,53.70312499999999,400
2,576.5688711258522,28.578125,400
3,192.15861873485133,13.859374999999998,400
4,1063.0888974490722,55.40625,400
5,1213.5789321881355,62.53125000000001,400
6,665.7768943743835,38.046875,400
7,827.4858058614082,42.703125,400
8,1109.9779981273434,56.95312500000001,400
9,908.7574175964346,45.578125,400
10,1112.523526781018,56.1875,400
11,1058.894448724536,54.53125,400
12,1002.9000000000021,51.59375000000001,400
13,1235.200490243205,65.046875,400
14,1056.7098300562511,56.46875,400
15,765.9098300562523,40.765625,400
16,1293.9902277713552,66.125,400
17,1148.021500391914,60.109375,400
18,994.5735267810181,52.26562500000001,400
19,1119.9086187348516,58.25,400
20,1219.9913786156876,63.765625,400
21,1103.5144660940687,58.046875,400
22,950.0431457505107,50.796875,400
23,324.70000000000135,20.15625,400
24,1002.3298467455459,52.76562500000001,400
25,578.2921134470703,32.640625,400
26,1127.8402277713549,58.5,400
27,942.0377223398335,53.625,400
28,1376.1009804864075,71.125,400
29,1055.4921134470703,57.67187499999999,400
30,854.7786796564411,43.4375,400
31,908.8065835097487,51.234375,400
32,950.9098300562517,51.20312500000001,400
33,846.3188711258513,47.921875,400
34,836.2377223398338,47.921875,400
35,843.7444487245393,48.953125,400
36,910.4958980337519,49.125,400
37,1413.927998127343,74.796875,400
38,935.2500000000007,51.40625,400
39,1124.258618734853,60.484375,400
40,840.8688611699192,47.8125,400
41,306.42867965644155,18.859375,400
42,1130.9823079691655,59.56249999999999,400
43,1563.58580586141,81.984375,400
44,1084.1188611699163,60.09375,400
45,1197.6000000000029,64.109375,400
46,772.6476500446437,43.25,400
47,1273.4000000000015,66.1875,400
48,1345.85994505536,71.359375,400
49,415.7948751620478,24.953125,400
50,1593.0574175964332,83.75,400
51,1575.018871125853,83.09375,400
52,1530.783009433972,79.390625,400
53,1358.3639320225009,69.859375,400
54,1414.8458980337498,72.140625,400
55,1318.8307975947998,67.765625,400
56,1524.8988373664804,79.578125,400
57,1565.3345240525794,81.390625,400
58,1239.4342268941361,63.92187499999999,400
59,980.8586187348511,52.296875,400
60,1355.4402277713548,73.265625,400
61,1024.984927093634,57.265625,400
62,1499.7421134470692,79.28125,400
63,1393.47867965644,72.640625,400
64,1609.3910894683615,82.671875,400
65,1007.8576118445757,52.26562500000001,400
66,1295.8488373664818,71.359375,400
67,1325.6500000000008,70.0,400
68,459.89843788128746,31.8125,400
69,1384.6768943743823,71.234375,400
70,1347.7944487245384,69.796875,400
71,927.5755710991039,49.09375,400
72,1396.3377223398315,72.796875,400
73,1358.4342268941366,70.6875,400
74,1372.8500000000004,72.28125,400
75,1469.599264745633,77.765625,400
76,935.3298467455473,50.34375,400
77,1063.1292027106072,53.71875000000001,400
78,848.3188711258528,47.859375,400
79,696.2880962103118,37.890625,400
80,1352.8902277713541,70.609375,400
81,433.03889744907315,24.875,400
82,1364.9546389828117,71.359375,400
83,1306.6586187348526,68.515625,400
84,1149.287570577414,61.546875,400
85,1206.4586187348518,63.81250000000001,400
86,1512.1768943743853,78.578125,400
87,1128.8860389693223,60.18750000000001,400
88,1036.1845240525777,57.375,400
89,540.2672374697044,32.234375,400
90,1362.0500000000006,69.890625,400
91,1608.1000000000001,82.140625,400
92,1349.5397503240938,70.984375,400
93,1366.25,70.875,400
94,791.7921134470699,42.75,400
95,1349.0379126518694,69.359375,400
96,1322.618871125852,70.3125,400
97,1084.8139320225032,56.203125,400
98,1257.255852885974,69.0,400
99,1112.0684726928812,57.46875,400
100,1525.8074175964332,80.984375,400
101,1320.2188711258511,67.953125,400
102,1228.9401551863784,62.70312500000001,400
103,1476.8845240525793,79.125,400
104,1100.5599450553614,58.34375000000001,400
105,628.684524052578,36.71875,400
106,650.0215728752556,36.0625,400
107,1339.9778640450027,72.46875,400
108,180.23844718719263,13.750000000000002,400
109,170.55741759643394,14.328125,400
110,170.0074175964334,10.078125,400
111,1397.575571099104,79.421875,400
112,1018.2448751620485,58.75,400
113,1503.9421134470701,83.453125,400
114,1508.6472243622688,82.390625,400
115,1352.0148351928672,72.328125,400
116,985.4286796564422,55.84375,400
117,1467.1377223398313,76.5625,400
118,1700.9273194914072,90.609375,400
119,1400.9330094339728,74.03125,400
120,688.0098300562531,40.625,400
121,1463.9235273213774,75.25,400
122,1419.7943058495823,74.609375,400
123,921.500000000002,48.0625,400
124,1241.1948751620494,70.421875,400
125,1112.1778640450018,62.07812499999999,400
126,1339.5268943743845,71.9375,400
127,1397.1992647456336,73.671875,400
128,1001.1991228745057,53.84375,400
129,364.8948751620476,20.921875,400
130,1482.14722436227,79.546875,400
131,457.94589803375277,27.296875,400
132,1605.2358058614093,83.609375,400
133,1207.6144660940688,66.953125,400
134,1386.0737620787518,72.359375,400
135,1221.7139320225006,63.96875,400
136,1279.7902277713558,67.40625,400
137,1467.9913786156897,76.640625,400
138,1416.4988373664808,75.796875,400
139,1386.159830056252,74.8125,400
140,1610.4984378812853,83.3125,400
141,1629.4188711258535,84.6875,400
142,1443.4750621894411,75.09375,400
143,1344.7521849295076,68.640625,400
144,1516.3291679679387,78.421875,400
145,1537.927998127343,81.59375,400
146,1215.8037780052778,64.640625,400
147,1504.8092291538665,81.9375,400
148,1213.8565835097502,64.140625,400
149,1671.6791679679372,88.84375,400
150,1031.1377223398338,55.21875000000001,400
151,1408.0598300562547,78.3125,400
152,1485.4074175964317,79.234375,400
153,1560.1598300562528,86.890625,400
154,1254.111220836786,67.21875,400
155,1701.650000000002,91.125,400
156,1519.8509804864093,79.265625,400
157,1472.0148351928667,79.3125,400
158,1453.747224362269,75.25,400
159,1687.5698901107226,88.109375,400
160,1527.39589803375,83.09375,400
161,660.5984378812873,41.359375,400
162,1540.7444487245375,80.71875,400
163,1581.3172374697037,82.40625,400
164,1391.7421134470699,76.78125,400
165,1323.9410894683633,69.0,400
166,1598.369660112502,82.515625,400
167,1377.83362702479,73.4375,400
168,1414.587912651871,72.703125,400
169,1039.918871125853,54.140625,400
170,1281.377864045002,67.296875,400
171,1260.8944487245378,66.84375,400
172,1494.3500000000008,78.3125,400
173,825.1984378812851,42.875,400
174,1460.4902277713543,75.5,400
175,1055.2444487245343,53.76562499999999,400
176,1320.5500000000002,71.375,400
177,1381.2349270936338,72.515625,400
178,1587.6598300562514,83.953125,400
179,1449.4514707296119,76.421875,400
180,1540.0792027106047,88.1875,400
181,1492.638642227229,77.953125,400
182,1391.7574175964348,74.390625,400
183,1066.4402277713568,54.54687499999999,400
184,1333.9958980337526,72.84375,400
185,1554.3916730868068,85.265625,400
186,1382.8379126518714,70.6875,400
187,1341.7574175964376,79.8125,400
188,1509.45098048641,82.546875,400
189,1511.8958980337522,84.140625,400
190,1380.3599450553625,76.125,400
191,1468.6286796564427,80.015625,400
192,1377.3688611699167,75.375,400
193,1482.8377223398322,82.3125,400
194,1508.3139320225007,81.4375,400
195,1612.2492647456345,84.515625,400
196,1619.7509804864092,87.796875,400
197,1660.980797594797,84.8125,400
198,1521.4792027106057,83.171875,400
199,1476.4098300562562,81.515625,400
200,1408.4073593128826,76.375,400
201,1481.5458980337503,77.046875,400
202,1203.2184726928817,67.421875,400
203,1470.785306817039,75.15625,400
204,1551.0291679679385,82.75,400
205,1440.6292027106074,79.34375,400
206,859.1286796564426,44.5,400
207,1387.2509804864073,70.40625,400
208,1523.6421134470684,80.921875,400
209,927.3000000000003,49.15625,400
210,1598.82003591386,82.296875,400
211,1529.0500000000015,80.703125,400
212,1129.1877223398326,60.28125,400
213,1547.7559962546836,82.390625,400
214,1445.1184726928795,78.9375,400
215,1515.0639320225011,80.625,400
216,1442.7377223398314,74.8125,400
217,1551.7198901107224,83.5,400
218,1234.3565835097502,66.828125,400
219,1577.4798467455457,82.765625,400
220,1507.7377223398332,83.15625,400
221,1510.4778640450024,78.53125,400
222,1368.4500000000016,70.59375,400
223,1620.2342268941381,86.0625,400
224,1585.0509804864082,84.609375,400
225,1206.6198901107205,63.78125,400
226,1469.4402277713552,75.609375,400
227,993.7574175964369,54.0,400
228,1394.2509804864076,73.875,400
229,1347.9255710991008,71.53125,400
230,1253.9476500446408,63.78125,400
231,1474.4984378812853,78.71875,400
232,1607.9009804864072,85.609375,400
233,1575.12916796794,83.421875,400
234,1545.7722527893006,83.171875,400
235,1528.456583509749,80.578125,400
236,1567.6009804864088,83.84375,400
237,1396.7484378812858,74.046875,400
238,1007.198437881287,59.859375,400
239,1334.8715728752532,70.28125,400
240,838.6484378812854,44.78125,400
241,1539.549122874507,81.5,400
242,646.3268943743851,41.765625,400
243,1664.294448724538,87.28125,400
244,1554.679846745548,82.859375,400
245,1563.8845240525798,83.625,400
246,1407.879202710607,76.625,400
247,1590.085805861409,83.5625,400
248,1583.4500000000005,80.828125,400
249,601.259830056252,33.5625,400
250,1496.7786796564405,79.453125,400
251,1539.0321655761927,78.71875,400
252,1396.0500000000009,73.296875,400
253,1421.9198901107195,75.765625,400
254,1354.1586187348512,73.71875,400
255,1491.4381019791865,77.84375,400
256,1475.6410894683618,78.046875,400
257,1513.5779981273445,85.40625,400
258,1474.219048105157,84.828125,400
259,1450.4921134470696,83.46875,400
260,1618.4500000000007,85.078125,400
261,1392.6574175964308,70.75,400
262,1452.0509804864107,81.921875,400
263,1490.5910894683645,80.375,400
264,1509.329202710604,78.125,400
265,1680.1500000000017,86.984375,400
266,551.0509804864096,32.828125,400
267,1479.9169656263416,79.53125,400
268,1518.071572875253,78.890625,400
269,1348.0402277713554,73.875,400
270,1089.9791679679372,57.4375,400
271,1590.200000000003,82.03125,400
272,1360.9215728752547,71.453125,400
273,1533.6688711258496,79.609375,400
274,1541.13501795693,79.8125,400
275,1684.4509804864094,86.8125,400
276,1388.427864044999,71.859375,400
277,1684.9877422517022,87.109375,400
278,1253.6286796564427,67.34375,400
279,1690.016018867944,86.859375,400
280,1495.3598300562528,77.84375,400
281,1461.8830094339735,78.78125,400
282,1437.0944487245379,75.296875,400
283,1643.2754446796644,88.53125,400
284,1503.555728090003,77.953125,400
285,1537.8458980337505,81.5625,400
286,1538.9514707296119,78.578125,400
287,1051.1754446796645,54.125,400
288,1397.2948751620452,72.375,400
289,1510.3000000000047,82.59375,400
290,1475.907417596433,77.28125,400
291,1576.4500000000019,83.265625,400
292,1581.2472243622683,83.046875,400
293,1688.3186617491856,89.421875,400
294,1431.2237620787537,75.015625,400
295,1710.6500000000015,87.53125,400
296,1591.6499999999987,81.671875,400
297,1469.800000000003,77.421875,400
298,1669.927319491408,87.125,400
299,1601.1019609728148,82.546875,400
300,1693.2596934910887,87.125,400
301,1502.7443058495815,79.921875,400
302,1495.9004902432064,81.640625,400
303,281.35000000000423,30.343750000000004,400
304,1545.445898033752,82.171875,400
305,1452.2307975948013,81.171875,400
306,1602.229846745547,84.25,400
307,1404.9789321881353,71.984375,400
308,1600.628679656442,87.34375,400
309,1732.776894374384,90.875,400
310,1734.902488445136,89.765625,400
311,1676.3500000000006,86.25,400
312,1343.450490243204,71.453125,400
313,1438.8574175964338,78.28125,400
314,1173.7715728752557,66.84375,400
315,1586.0292027106032,81.984375,400
316,1237.6491228745074,71.171875,400
317,1439.7644660940664,74.96875,400
318,1594.3586187348515,81.3125,400
319,1626.2491228745068,89.125,400
320,1574.4410894683635,82.859375,400
321,1770.421572875254,91.9375,400
322,1582.4908577356612,81.265625,400
323,1589.836121811341,87.375,400
324,1673.3436647982269,91.5,400
325,1767.4996815318927,91.015625,400
326,1707.2779981273416,88.140625,400
327,1497.708618734854,85.109375,400
328,269.55861873485225,21.390625,400
329,1523.0254446796641,83.015625,400
330,1543.1066133775546,79.421875,400
331,1674.052655936046,86.1875,400
332,1384.7190481051543,74.21875,400
333,1507.2098300562543,85.0,400
334,1720.315135675998,91.203125,400
335,1627.494448724537,88.03125,400
336,1733.8967221921325,91.625,400
337,985.8484378812858,52.078125,400
338,1576.3148351928687,83.390625,400
339,1572.9263403412049,85.234375,400
340,761.2333518108156,38.1875,400
341,1595.7908577356593,85.5,400
342,1760.9476747329584,92.078125,400
343,1679.621220124658,86.9375,400
344,1312.103788748765,70.109375,400
345,1693.8755710991031,89.640625,400
346,1645.1421134470686,84.6875,400
347,1501.0723074309328,85.15625,400
348,1364.5472243622703,73.359375,400
349,1087.1648351928663,61.64062500000001,400
350,1064.5235267810185,58.484375,400
351,1492.969890110721,79.953125,400
352,1789.173527321376,92.015625,400
353,1301.8278640450044,79.28125,400
354,1165.4884471871917,68.3125,400
355,398.4377223398382,40.3125,400
356,1519.7188711258523,79.015625,400
357,1547.2098300562532,82.015625,400
358,1576.0000000000011,81.921875,400
359,1709.1342268941366,92.359375,400
360,1360.2410894683637,75.515625,400
361,1560.692113447071,86.46875,400
362,1393.185017956932,79.5625,400
363,1565.6285373466753,81.34375,400
364,1584.6988373664808,85.65625,400
365,1512.5500000000004,84.203125,400
366,1762.400000000001,92.0,400
367,1491.75098048641,85.75,400
368,1208.0307975947983,62.0,400
369,1441.2458980337524,73.34375,400
370,1561.2000000000014,81.15625,400
371,1598.8675884698848,82.25,400
372,1640.2500000000007,87.328125,400
373,1428.9448751620473,78.03125,400
374,1316.69487516205,75.03125,400
375,1535.6573593128808,78.1875,400
376,1122.5754446796657,62.92187500000001,400
377,1535.2791679679383,83.609375,400
378,1533.2509804864083,79.296875,400
379,1435.9472243622695,78.078125,400
380,1483.468861169918,82.671875,400
381,1476.803788748768,76.609375,400
382,1749.834927093634,92.296875,400
383,1430.4198901107204,75.671875,400
384,1417.4639320225008,75.421875,400
385,782.1993902665738,42.859375,400
386,1496.347753092618,78.71875,400
387,1808.0976747329591,92.734375,400
388,1463.4250621894419,81.4375,400
389,1797.3475134127286,92.671875,400
390,521.5431457505092,31.453125,400
391,1637.0500000000002,84.96875,400
392,1747.6754446796645,89.796875,400
393,1174.6698721596715,59.90625000000001,400
394,1803.7112208367848,92.828125,400
395,1768.9895878505367,91.140625,400
396,1332.9319660112526,72.03125,400
397,1618.068871125853,83.8125,400
398,1537.0453136438518,82.1875,400
399,1688.356583509747,86.171875,400
400,1317.279202710604,71.109375,400
401,1384.3139320225005,77.78125,400
402,1597.9421134470679,81.734375,400
403,1685.6999999999998,87.21875,400
404,1540.2468757625684,81.1875,400
405,1055.0153415615728,54.421875,400
406,1633.450000000001,85.953125,400
407,1540.5198901107203,79.9375,400
408,1535.5250621894395,79.0,400
409,1473.4037780052759,75.171875,400
410,1603.7791847198293,85.140625,400
411,1533.8500000000004,78.515625,400
412,509.36446609406875,26.953125,400
413,1718.1768943743832,87.6875,400
414,1604.5921134470702,84.515625,400
415,1374.447650044642,71.078125,400
416,1408.3500000000024,72.109375,400
417,1402.5988373664807,73.0,400
418,1507.5377422517042,80.734375,400
419,1648.9669656263402,85.21875,400
420,1547.776894374381,80.3125,400
421,1568.5345240525774,80.125,400
422,1414.2586187348531,72.875,400
423,1388.2188611699162,70.890625,400
424,1468.1858058614107,77.84375,400
425,1614.3376941012511,84.328125,400
426,1239.3888974490756,70.109375,400
427,1587.9000000000044,81.953125,400
428,836.6786796564469,56.375,400
429,605.737722339837,43.546875,400
430,1617.6820281894122,84.6875,400
431,310.9972243622729,33.9375,400
432,1462.018861169918,78.375,400
433,952.0598300562546,61.4375,400
434,1588.1131670194952,81.203125,400
435,1557.429202710604,79.765625,400
436,748.6921134470695,37.40625,400
437,1332.9754446796655,72.78125,400
438,1487.6446148618647,83.140625,400
439,1659.3204697822555,86.421875,400
440,1322.2000000000019,75.796875,400
441,1131.8500000000042,70.921875,400
442,1676.9849270936334,85.71875,400
443,1546.4151356759965,79.515625,400
444,1487.357417596436,86.359375,400
445,1626.5098300562495,84.71875,400
446,1386.7675884698842,70.9375,400
447,990.9178754017182,59.609375,400
448,1550.2446148618628,83.40625,400
449,865.9599450553624,45.609375,400
450,1765.3678754017149,90.75,400
451,1459.564466094065,76.5,400
452,1672.8715728752563,87.75,400
453,1550.1436647982268,79.625,400
454,1678.9807975948013,87.90625,400
455,1272.3472243622714,77.078125,400
456,1488.305996254684,81.34375,400
457,1467.8773194914086,75.484375,400
458,1574.3644660940688,80.515625,400
459,1669.7830094339731,87.140625,400
460,1493.5678312387654,77.375,400
461,1371.1493902665711,71.9375,400
462,1389.2849270936347,78.0,400
463,1529.3188611699163,80.640625,400
464,1508.823187976466,80.921875,400
465,1221.7566133775524,66.390625,400
466,1533.443145750509,79.140625,400
467,1599.1493902665748,87.109375,400
468,1366.594875162048,74.21875,400
469,1350.8524884451356,69.828125,400
470,1238.9884471871937,63.5625,400
471,1504.3330094339733,78.875,400
472,1512.4402277713543,82.25,400
473,1659.2731879764644,85.03125,400
474,1309.1845240525809,74.453125,400
475,769.8500000000028,40.5,400
476,1399.9286796564406,72.59375,400
477,1261.8976500446422,73.21875,400
478,1224.450000000002,66.28125,400
479,1567.7669656263427,84.453125,400
480,1547.6169656263423,83.5625,400
481,1236.721572875255,65.390625,400
482,1417.719890110722,73.625,400
483,1209.3074175964355,61.234375,400
484,1380.6500000000003,77.28125,400
485,1339.690227771357,77.90625,400
486,1202.5972243622712,72.84375,400
487,1631.3139320225023,87.09375,400
488,1445.197224362269,81.25,400
489,1574.968661749187,83.03125,400
490,1045.3472243622712,59.109375,400
491,863.5431457505105,48.84375,400
492,1488.8574175964332,78.875,400
493,1146.8644660940706,61.234375,400
494,1216.2750621894404,63.31250000000001,400
495,1487.432165576192,79.953125,400
496,883.5599450553627,52.734375,400
497,1636.6501243788791,84.34375,400
498,1571.8019609728158,84.109375,400
499,1478.1804555427084,76.34375,400
500,1674.3502525316956,85.921875,400
501,1434.0884471871952,80.28125,400
502,1537.5786796564407,79.625,400
503,1596.1291847198336,86.53125,400
504,1509.8476500446404,77.078125,400
505,1431.3500000000033,79.703125,400
506,1411.1598300562532,77.53125,400
507,895.1212201246592,46.046875,400
508,239.9500000000008,12.0,400
509,1632.2853068170361,83.59375,400
510,1508.3289321881343,78.375,400
511,1228.1484378812856,63.53124999999999,400
512,1543.1992647456368,85.796875,400
513,1559.6972243622693,83.40625,400
514,1750.775825303741,90.90625,400
515,1240.4644660940678,66.5625,400
516,1549.9944487245377,82.9375,400
517,824.0830094339747,45.234375,400
518,1560.2444487245377,81.09375,400
519,1374.6361218113398,71.25,400
520,1582.1698901107197,82.25,400
521,1371.4972243622715,78.40625,400
522,1109.052184929508,61.84375,400
523,1706.466965626343,87.75,400
524,1600.1098300562517,83.046875,400
525,1329.8798467455463,70.546875,400
526,1440.2000000000003,78.046875,400
527,1547.6139320225006,81.3125,400
528,1371.1972243622715,71.96875,400
529,1284.659830056253,67.703125,400
530,655.1500000000017,33.984375,400
531,1283.3913786156886,65.59375,400
532,1093.063932022506,70.359375,400
533,1576.3000000000013,81.125,400
534,1587.449999999999,83.65625,400
535,1544.3910894683638,79.859375,400
536,1457.6139320224997,76.203125,400
537,1659.5573593128815,85.203125,400
538,1464.9098300562505,75.734375,400
539,1409.4408577356583,74.015625,400
540,1622.6999999999991,83.15625,400
541,1563.709830056251,81.390625,400
542,1513.944305849583,82.203125,400
543,1532.810063796017,78.828125,400
544,1149.2304555427088,59.09375,400
545,1238.7357864376286,63.171875,400
546,1305.4786796564435,74.34375,400
547,1629.7289321881353,84.3125,400
548,1026.614466094069,58.12500000000001,400
549,1413.902184929508,73.578125,400
550,1566.7153415615755,84.140625,400
551,1689.050000000001,89.375,400
552,1252.4291847198317,65.046875,400
553,1238.3933960420886,64.484375,400
554,1519.7690481051552,78.046875,400
555,1731.6016261237528,88.921875,400
556,1538.0476500446414,79.25,400
557,1300.1002525316935,66.5,400
558,1562.8943058495809,80.546875,400
559,1682.9934997162536,87.125,400
560,1644.0592291538658,85.59375,400
561,1647.8476500446423,87.203125,400
562,1782.88913556678,91.53125,400
563,1549.2524512160205,81.078125,400
564,1121.7500000000032,64.25,400
565,631.6857864376327,40.984375,400
566,1150.095898033751,60.46875000000001,400
567,1681.390227771354,85.96875,400
568,1353.3377223398318,68.734375,400
569,1424.8877223398322,76.03125,400
570,1594.1786796564447,89.421875,400
571,1628.3586187348515,83.65625,400
572,1514.0984378812839,80.734375,400
573,1619.18501795693,83.734375,400
574,1094.247224362272,64.625,400
575,1549.5946148618652,83.578125,400
576,1591.5948751620451,84.78125,400
577,1712.7499999999998,87.609375,400
578,1242.523187976467,66.34375,400
579,1296.5384471871946,73.3125,400
580,1497.8698901107205,77.125,400
581,1523.0273194914082,80.765625,400
582,1291.9902277713566,74.3125,400
583,1768.959830056251,90.765625,400
584,299.76393202250097,23.15625,400
585,1385.4349270936361,74.4375,400
586,1514.1948751620482,78.859375,400
587,1397.9488373664788,71.453125,400
588,1248.96886116992,76.4375,400
589,1615.3792027106047,82.546875,400
590,1112.4972243622742,70.5,400
591,1552.4566036193871,79.734375,400
592,1446.3991228745042,78.03125,400
593,1463.80218492951,82.625,400
594,1730.6444487245356,88.828125,400
595,1342.9458980337515,72.328125,400
596,368.0286796564425,29.25,400
597,1596.1250621894417,81.734375,400
598,1593.7421134470674,81.9375,400
599,1387.277864045002,70.734375,400
600,1701.237912651872,88.125,400
601,1280.8000000000025,69.953125,400
602,1097.2485294912665,57.59375,400
603,1212.3292027106063,67.09375,400
604,1426.7686617491825,72.828125,400
605,1352.6943058495824,79.8125,400
606,1593.4991228745055,83.796875,400
607,1435.4984378812846,77.96875,400
608,1564.3688711258528,84.671875,400
609,1595.0500000000022,81.359375,400
610,1035.8448751620479,53.25,400
611,1183.3268943743817,62.40625,400
612,1327.500490243204,69.640625,400
613,1629.3944487245358,83.859375,400
614,469.1286796564444,29.812499999999996,400
615,1654.5436647982249,84.71875,400
616,1638.1468757625676,83.6875,400
617,1282.7268943743877,72.25,400
618,1536.449999999998,80.578125,400
619,1185.2511421982056,60.79687499999999,400
620,1654.3476747329591,85.578125,400
621,1371.1000000000038,77.984375,400
622,1556.5879126518685,79.65625,400
623,861.1004902432064,47.671875,400
624,1702.1768943743853,91.890625,400
625,1503.0993902665712,77.0,400
626,1592.7509804864085,82.84375,400
627,1494.9692450142534,76.96875,400
628,1230.4688711258498,62.81250000000001,400
629,1471.2727507999507,78.75,400
630,1558.038447187194,79.296875,400
631,1581.869048105158,85.046875,400
632,1694.4999999999975,87.90625,400
633,1369.000000000006,71.3125,400
634,1505.3065835097477,76.859375,400
635,1657.4257716343423,85.8125,400
636,1491.9188711258516,80.03125,400
637,1583.869854187266,84.453125,400
638,1606.834390229062,82.5625,400
639,1417.278932188136,80.109375,400
640,1423.8798467455463,73.046875,400
641,1110.2976500446432,59.5,400
642,1502.1731879764636,76.703125,400
643,1519.3933960420882,78.671875,400
644,1490.066965626341,76.46875,400
645,1312.2599450553605,69.71875,400
646,1447.5948751620492,77.46875,400
647,1671.299122874505,86.5625,400
648,1641.0715728752555,88.34375,400
649,251.2186617491843,11.875,400
650,1320.0298467455457,68.859375,400
651,1657.872307430933,85.3125,400
652,1423.477319491408,74.421875,400
653,1655.2913786156892,85.015625,400
654,1148.9849270936331,60.375,400
655,1596.4944487245377,83.484375,400
656,1689.9468757625675,86.4375,400
657,1648.8944487245353,85.1875,400
658,1474.585017956929,75.109375,400
659,1688.9402277713561,87.15625,400
660,1513.494448724537,79.28125,400
661,1596.4485294912665,82.203125,400
662,1499.191796067501,76.609375,400
663,1520.9603216879855,80.25,400
664,1209.535306817039,62.03125000000001,400
665,1312.0353068170357,68.234375,400
666,1646.6345240525804,87.53125,400
667,1492.5768943743851,82.96875,400
668,1645.0273824700712,84.796875,400
669,1363.2037780052772,69.9375,400
670,1443.2488373664776,74.265625,400
671,1495.891089468362,77.03125,400
672,1576.216965626341,81.65625,400
673,709.8491228745045,35.3125,400
674,1134.2472243622726,64.515625,400
675,1336.175062189441,68.859375,400
676,1179.7981983444117,60.421875,400
677,1585.3916730868061,82.828125,400
678,1545.8598300562526,79.359375,400
679,1568.9391355667808,83.9375,400
680,1548.1535721577327,79.9375,400
681,1369.0644660940661,71.25,400
682,1576.502488445135,80.84375,400
683,1612.7860389693242,93.265625,400
684,1423.1779981273407,73.734375,400
685,1552.4138974728787,80.046875,400
686,1645.085805861408,84.265625,400
687,1679.6298351660796,86.421875,400
688,1672.2500000000018,91.328125,400
689,1516.1,80.40625,400
690,1119.2807975947974,62.171875,400
691,1545.3084770132036,81.375,400
692,1009.8278640450001,51.859375,400
693,1060.3574175964332,56.17187500000001,400
694,1423.9099450553624,78.25,400
695,1195.7345240525808,73.671875,400
696,1312.9011421982061,67.96875,400
697,1102.6786796564443,65.34375,400
698,1005.2472243622722,58.609375,400
699,1228.705996254683,68.734375,400
700,1492.8639320225031,79.9375,400
701,1425.7000000000041,77.4375,400
702,1176.313932022505,72.0,400
703,1614.9722527893007,86.609375,400
704,1650.3475134127302,84.703125,400
705,1540.8500000000022,80.1875,400
706,1118.2984378812853,57.984375,400
707,468.62920271060403,26.015624999999996,400
708,106.7255710991024,7.609375,400
709,1460.4678754017164,78.90625,400
710,1474.1386422272267,76.515625,400
711,1182.768472692882,62.0,400
712,1349.5853068170372,69.578125,400
713,1015.1778640450026,54.984375,400
714,1578.4222527893,81.078125,400
715,1195.350000000001,61.85937500000001,400
716,1527.2410894683633,82.109375,400
717,1203.3484378812846,69.234375,400
718,1573.3198901107226,80.3125,400
719,1434.5188711258534,74.125,400
720,1677.377998127342,86.65625,400
721,1826.3754446796654,93.484375,400
722,1126.7258562045533,58.265625,400
723,1414.8500000000038,79.75,400
724,1348.7500000000032,77.015625,400
725,1607.229184719829,83.546875,400
726,1570.4612208367862,81.46875,400
727,1286.284524052577,79.3125,400
728,1227.3421134470666,63.796875,400
729,1537.2804555427065,79.65625,400
730,1187.5004902432038,61.57812499999999,400
731,976.7786796564413,69.453125,400
732,1144.6684726928816,59.984375,400
733,1504.398437881285,81.859375,400
734,1679.5972243622664,87.765625,400
735,1729.7646509595677,89.09375,400
736,1674.7500000000002,85.859375,400
737,1533.0153415615766,81.75,400
738,1383.6599450553613,71.234375,400
739,1419.4660188679438,74.34375,400
740,1551.4586187348525,81.953125,400
741,1655.2884471871923,86.25,400
742,1406.4002525316944,76.328125,400
743,1663.198437881284,86.546875,400
744,1495.1268943743835,79.5625,400
745,1457.5226202628878,81.5625,400
746,1428.7999999999986,73.03125,400
747,1666.2933960420878,87.859375,400
748,1710.6975134127272,88.921875,400
749,1269.478679656446,76.15625,400
750,1558.2000000000035,83.828125,400
751,1438.5500000000006,73.4375,400
752,1639.600980486409,84.109375,400
753,1456.2175884698854,80.03125,400
754,1429.797224362268,80.125,400
755,1092.5644660940654,56.859375,400
756,1490.3190481051547,76.515625,400
757,1622.5000000000011,85.03125,400
758,1428.1086187348528,83.0,400
759,1436.8190481051558,78.078125,400
760,1458.4084770132067,83.453125,400
761,1411.8491228745065,77.6875,400
762,1614.3399774266638,83.78125,400
763,1488.6999999999985,78.078125,400
764,1582.8096934910905,82.6875,400
765,1477.749264745636,80.859375,400
766,1510.0639320225011,80.3125,400
767,1706.7491228745062,87.25,400
768,1613.4043698590135,83.984375,400
769,1587.5669656263412,81.421875,400
770,1369.0715728752552,74.078125,400
771,1479.6884471871927,78.8125,400
772,1532.2169656263407,79.421875,400
773,1315.617237469702,71.140625,400
774,1075.5286796564435,64.703125,400
775,1283.9484378812879,73.859375,400
776,1497.7977530926212,84.75,400
777,1668.6930936742554,85.765625,400
778,1332.2472243622715,72.0625,400
779,1604.041673086806,82.140625,400
780,1427.185306817036,72.921875,400
781,1495.2307975947992,81.875,400
782,1408.1755710991024,71.953125,400
783,1819.7202966503867,93.65625,400
784,1243.2084770132037,64.140625,400
785,1560.453788748767,81.734375,400
786,1575.6576118445769,84.40625,400
787,1451.8617977051338,87.0625,400
788,1648.6278640450012,88.796875,400
789,1583.5353068170393,86.84375,400
790,1601.2084770132028,84.34375,400
791,1248.507864376272,65.34375,400
792,1733.4112208367842,89.046875,400
793,1459.5377422517033,74.875,400
794,1371.029846745551,84.21875,400
795,1513.049999999999,80.1875,400
796,1334.6074175964363,72.59375,400
797,1561.5410894683637,86.1875,400
798,1465.9698901107206,74.84375,400
799,1387.2333518108162,74.0,400
800,1120.7566036193855,57.96875,400
801,1546.5190481051554,79.671875,400
802,1575.0333518108162,82.71875,400
803,1522.6540969935259,78.921875,400
804,1715.767588469883,88.015625,400
805,1654.6598300562514,85.09375,400
806,1194.3758562045525,61.546875,400
807,1541.3086187348504,81.6875,400
808,1391.9565835097471,71.40625,400
809,1051.5235273213775,56.32812499999999,400
810,1564.4268943743834,83.171875,400
811,1512.2698901107233,82.546875,400
812,1550.9972243622678,80.484375,400
813,1723.8011421982042,89.015625,400
814,1674.0948751620483,86.5,400
815,1541.2443058495812,79.609375,400
816,1661.6258562045543,86.125,400
817,1411.44589803375,76.59375,400
818,1470.4902277713531,75.921875,400
819,1391.7000000000025,76.140625,400
820,1291.2484378812821,69.78125,400
821,1535.4910894683637,82.015625,400
822,1422.879202710606,79.296875,400
823,1502.5669656263437,81.765625,400
824,145.0235267810177,8.859375,400
825,1607.947753092616,83.109375,400
826,1583.2278640450008,81.421875,400
827,1389.6845240525784,72.671875,400
828,1560.6991228745069,80.65625,400
829,1341.5400039968033,69.734375,400
830,1400.8291847198311,75.578125,400
831,1511.0074175964335,77.828125,400
832,1367.4877422517043,72.453125,400
833,1456.5477530926194,76.203125,400
834,1412.9688711258523,74.09375,400
835,1463.3188711258513,78.359375,400
836,1459.3291679679392,79.4375,400
837,1485.446875762568,75.71875,400
838,1554.9566133775538,79.765625,400
839,1276.2074175964365,71.390625,400
840,1307.0255710991064,70.21875,400
841,1272.805996254686,68.5,400
842,1599.35,83.71875,400
843,1651.2845240525785,85.609375,400
844,1318.617237469702,69.3125,400
845,1330.9345240525772,71.15625,400
846,1691.7830094339731,87.578125,400
847,1447.4897503240966,74.34375,400
848,1101.9820281894124,61.9375,400
849,1644.9344749394031,84.953125,400
850,1504.275856204555,77.765625,400
851,852.7000000000023,47.59375,400
852,760.1279981273491,51.90625,400
853,1417.484524052576,72.625,400
854,1377.7500000000007,76.65625,400
855,1341.0448751620497,73.859375,400
856,1538.6858058614105,80.0625,400
857,1358.6417960675003,71.8125,400
858,1365.287742251701,70.375,400
859,1550.5858058614097,83.109375,400
860,1377.4188711258519,70.046875,400
861,1414.1298467455497,79.71875,400
862,1562.01696562634,80.921875,400
863,1694.8175884698853,88.5,400
864,1664.8004902432037,86.484375,400
865,1521.6690481051546,80.09375,400
866,1821.733627024789,95.0625,400
867,1337.0151356759977,69.609375,400
868,1636.5484378812823,88.703125,400
869,1491.3642159512453,77.203125,400
870,1645.4493902665731,85.765625,400
871,1614.9921134470694,84.25,400
872,1386.6537780052736,71.515625,400
873,1057.0345240525799,61.3125,400
874,1817.1537887487657,93.953125,400
875,1591.7436647982254,83.90625,400
876,1457.078341511454,74.90625,400
877,1067.5789321881364,58.265625,400
878,1463.5669656263444,80.546875,400
879,1578.3279981273422,82.3125,400
880,1466.791796067503,78.78125,400
881,1394.3417960675024,72.953125,400
882,1551.9105897019538,79.84375,400
883,832.0921134470733,53.109375,400
884,1260.5491228745095,72.609375,400
885,1525.941089468366,83.84375,400
886,1475.2858058614086,77.71875,400
887,1011.8289321881355,53.25,400
888,1569.6768943743825,81.28125,400
889,1467.8499999999992,76.109375,400
890,1587.3488373664784,82.515625,400
891,1031.0786796564437,64.40625,400
892,1656.1384471871918,87.078125,400
893,1189.1188611699167,64.078125,400
894,1203.822252789299,61.953125,400
895,1436.323527321378,76.640625,400
896,1416.033009433974,75.875,400
897,1269.6279981273428,70.09375,400
898,1535.5669656263422,80.734375,400
899,1247.4653415615767,67.1875,400
900,1229.2000000000007,63.21875,400
901,1564.404096993524,80.375,400
902,1277.1500000000026,76.421875,400
903,1686.1379126518723,86.96875,400
904,1371.1444487245374,72.296875,400
905,1525.066965626343,79.015625,400
906,1725.0402277713576,88.390625,400
907,1542.8291679679376,82.734375,400
908,1492.3884471871886,79.6875,400
909,1709.8647186257615,87.53125,400
910,826.7488373664808,45.90625,400
911,1575.200000000003,84.671875,400
912,1545.7000000000025,84.046875,400
913,1423.1188611699172,75.34375,400
914,850.2298467455489,53.90625,400
915,1428.115341561576,75.90625,400
916,1744.5688711258524,91.03125,400
917,1612.0307975947971,82.46875,400
918,1587.4778640449995,83.125,400
919,1371.700980486408,73.21875,400
920,1627.9148351928673,86.875,400
921,1437.9842268941386,75.15625,400
922,1582.7958980337512,82.96875,400
923,1286.487742251704,68.734375,400
924,1094.1999999999982,57.67187499999999,400
925,1395.2789321881353,77.515625,400
926,1486.107611844575,77.328125,400
927,1526.6779981273426,77.890625,400
928,1135.6755710991029,60.265625,400
929,1664.6877422517034,86.953125,400
930,1556.75,80.65625,400
931,1651.3804555427075,84.578125,400
932,1511.2791679679365,77.5,400
933,1566.0391355667791,80.609375,400
934,1671.1350179569288,86.3125,400
935,1566.5298467455445,81.875,400
936,1459.3842268941394,81.890625,400
937,1499.5144660940678,79.46875,400
938,1635.8754845034052,87.6875,400
939,1449.6410894683663,79.453125,400
940,1327.0000000000007,73.40625,400
941,1474.355996254682,81.59375,400
942,1495.6868512047802,77.625,400
943,1597.9086187348487,84.75,400
944,1463.2730676608237,75.59375,400
945,1604.7778640450013,82.703125,400
946,189.34444872453648,18.8125,400
947,1510.0735267810232,83.046875,400
948,934.4169656263418,49.765625,400
949,1573.250000000003,83.84375,400
950,1677.9491228745046,86.828125,400
951,1523.3984378812827,80.046875,400
952,1631.3586187348528,87.671875,400
953,1502.7342268941384,80.625,400
954,1404.7345240525785,73.0,400
955,961.4000000000023,53.32812500000001,400
956,1449.222252789297,75.71875,400
957,1515.650000000001,77.40625,400
958,1614.1458980337497,84.375,400
959,1440.9223074309316,75.0,400
960,1422.9845240525788,74.28125,400
961,1712.3172374697026,88.015625,400
962,1486.8484378812848,79.953125,400
963,1510.850000000002,81.828125,400
964,987.4958980337531,52.890625,400
965,1461.4098300562514,75.90625,400
966,1566.450000000001,80.21875,400
967,1709.4853068170396,88.5625,400
968,1613.2500000000023,84.046875,400
969,1400.675444679663,73.4375,400
970,1390.440227771354,74.28125,400
971,1390.868661749186,77.140625,400
972,1257.3009804864125,74.40625,400
973,1467.077382470075,78.375,400
974,1637.8500000000017,84.4375,400
975,1663.5040969935237,85.8125,400
976,1728.033009433974,89.703125,400
977,1662.8500000000038,87.453125,400
978,1540.494448724536,81.34375,400
979,1494.1836270247902,84.265625,400
980,1476.335017956931,78.015625,400
981,1619.5524884451354,86.25,400
982,1600.0836270247912,83.875,400
983,1369.0842268941356,70.328125,400
984,1695.410589701953,87.03125,400
985,1400.1350179569297,73.640625,400
986,1321.979202710605,69.796875,400
987,1554.8791679679377,80.96875,400
988,1462.8778640450034,77.4375,400
989,1763.7226202628885,91.828125,400
990,1592.5678312387622,82.375,400
991,1612.2519609728172,83.921875,400
992,1619.040227771356,83.359375,400
993,1335.9431457505111,74.859375,400
994,1637.878341511455,86.796875,400
995,1658.741796067502,85.53125,400
996,1473.0879126518707,76.953125,400
997,1534.2944487245354,80.25,400
998,1583.1037780052748,82.921875,400
999,1353.173762078752,70.625,400
1000,1143.3565835097504,65.9375,400
1001,1685.2875078027491,87.84375,400
1002,1352.3065835097502,72.765625,400
1003,1597.107359312883,84.953125,400
1004,376.1021849295068,22.203125,400
1005,1581.3975134127286,81.84375,400
1006,1596.8255710991018,83.359375,400
1007,1639.1754446796645,85.25,400
1008,1656.7073593128787,86.171875,400
1009,1559.6484378812818,83.375,400
1010,1585.6500000000008,82.21875,400
1011,1453.0258562045517,74.453125,400
1012,1657.9000000000005,86.6875,400
1013,1290.3416730868041,69.875,400
1014,1508.6172374697044,77.1875,400
1015,1568.7421134470692,81.84375,400
1016,1603.8991228745044,81.859375,400
1017,1340.29487516205,74.140625,400
1018,1666.5379126518717,86.71875,400
1019,1584.6458980337484,82.015625,400
1020,1634.1910894683629,85.125,400
1021,1653.2500000000011,88.921875,400
1022,1589.0546389828114,82.515625,400
1023,1698.3198901107216,88.40625,400
1024,1605.5798467455472,86.40625,400
1025,1599.9196601125009,82.703125,400
1026,1727.6443058495802,89.078125,400
1027,1469.6099450553613,78.796875,400
1028,1559.387570577416,80.78125,400
1029,1471.3500000000006,77.390625,400
1030,1637.8066133775537,84.734375,400
1031,1670.633627024789,86.90625,400
1032,1563.7084770132049,82.3125,400
1033,1656.5499999999997,87.21875,400
1034,1152.3565835097488,62.0,400
1035,1552.314466094068,81.359375,400
1036,1568.5917560805283,83.140625,400
1037,1298.3000000000031,70.578125,400
1038,1337.4958980337522,70.9375,400
1039,1478.4169656263423,76.3125,400
1040,241.86534156157353,15.0,400
1041,1481.973526781017,76.25,400
1042,1463.2758562045535,79.71875,400
1043,1623.5065835097475,83.15625,400
1044,1486.4858058614082,77.828125,400
1045,1489.9292027106078,78.390625,400
1046,1378.9537887487668,72.84375,400
1047,1434.3688711258524,75.921875,400
1048,1377.1144660940697,73.96875,400
1049,1584.8098300562517,82.953125,400
1050,1529.3500000000015,78.421875,400
1051,1740.0144660940673,91.28125,400
1052,1602.9877223398335,84.5625,400
1053,1515.9468757625698,79.359375,400
1054,1528.6499999999994,79.421875,400
1055,1687.8735273213802,87.421875,400
1056,1447.745039867818,74.625,400
1057,1421.6098300562517,76.28125,400
1058,1525.6484378812825,80.4375,400
1059,1448.8644660940708,80.171875,400
1060,1639.1000000000013,84.1875,400
1061,1746.0754446796664,90.796875,400
1062,1457.5948751620472,79.71875,400
1063,1433.7304555427088,76.78125,400
1064,1203.6559962546876,72.03125,400
1065,1270.8268943743894,76.90625,400
1066,1550.6188711258535,81.5625,400
1067,1420.1948751620469,76.71875,400
1068,1488.5500000000009,76.390625,400
1069,1681.3059962546845,88.078125,400
1070,1709.609830056252,88.6875,400
1071,1499.8678312387663,79.671875,400
1072,1363.349740934382,74.84375,400
1073,1589.6750621894416,81.8125,400
1074,1388.1144660940672,72.9375,400
1075,1506.8648351928675,79.515625,400
1076,1493.9235267810213,83.515625,400
1077,1412.5574175964332,74.21875,400
1078,1474.5858058614115,86.5625,400
1079,1598.100000000002,82.59375,400
1080,1673.242235935958,87.5625,400
1081,1341.0472243622717,74.28125,400
1082,1595.5823079691675,84.125,400
1083,1544.1092291538696,82.015625,400
1084,1561.75,82.046875,400
1085,1746.5296703857325,90.921875,400
1086,1216.7254446796655,66.5625,400
1087,1408.9500000000028,73.703125,400
1088,1483.6754446796667,80.34375,400
1089,1488.6504902432034,77.578125,400
1090,1426.1321655761926,76.109375,400
1091,324.54883736647906,19.015625,400
1092,1552.5737620787518,81.484375,400
1093,1526.197674732958,79.203125,400
1094,1623.164466094069,87.6875,400
1095,1594.7551899497923,84.5,400
1096,1130.187912651873,63.671875,400
1097,1505.3448751620451,78.390625,400
1098,1633.4789321881356,86.96875,400
1099,1532.4500000000032,80.484375,400
1100,1382.1184726928818,74.625,400
1101,1571.757417596436,83.765625,400
1102,1631.6000000000013,84.78125,400
1103,928.9223074309342,48.984375,400
1104,1607.2084770132033,83.34375,400
1105,1504.5379126518717,78.75,400
1106,1662.6145447232075,85.96875,400
1107,1610.887912651872,83.21875,400
1108,262.84672219213314,12.828125000000002,400
1109,1615.2190481051564,86.484375,400
1110,1390.6000000000001,73.0,400
1111,1508.5175884698851,80.46875,400
1112,1545.2291679679402,81.109375,400
1113,1699.8500000000054,87.078125,400
1114,1551.5537887487692,83.859375,400
1115,1330.397650044641,70.46875,400
1116,1537.2917960675022,81.84375,400
1117,1562.9074175964367,84.703125,400
1118,1342.9537887487645,70.0,400
1119,1416.8845240525775,74.5,400
1120,1496.3975134127295,76.84375,400
1121,1521.700000000003,78.21875,400
1122,1276.868871125851,69.1875,400
1123,1612.1358058614094,84.25,400
1124,1551.0779981273442,82.9375,400
1125,1521.6537887487657,79.203125,400
1126,1505.5921134470714,81.703125,400
1127,1462.4836270247902,83.296875,400
1128,1563.6499999999999,81.59375,400
1129,1682.5500000000013,86.96875,400
1130,1233.271572875254,64.640625,400
1131,1258.6921134470692,66.421875,400
1132,1596.1514707296137,84.265625,400
1133,1576.0982457490084,82.46875,400
1134,1644.4188711258525,86.671875,400
1135,1512.1535721577325,77.40625,400
1136,1193.4823079691648,61.546875,400
1137,1102.2086187348543,58.296875,400
1138,1530.3500000000001,80.59375,400
1139,1542.7057280900012,79.671875,400
1140,1404.4845240525774,74.96875,400
1141,1585.6384471871927,83.859375,400
1142,1572.8672374697026,83.796875,400
1143,-269.94999999999993,14.734375,400
1144,1001.9358058614149,65.71875,400
1145,1587.8564834275394,84.71875,400
1146,1441.2902277713558,75.484375,400
1147,1521.0105897019523,80.9375,400
1148,1116.2922359359582,60.5,400
1149,1498.972307430934,79.46875,400
1150,1429.2500000000011,75.90625,400
1151,1473.8586187348521,85.171875,400
1152,1536.8992647456346,82.296875,400
1153,1595.2737620787543,86.84375,400
1154,1435.0988373664823,79.453125,400
1155,1328.683009433972,74.65625,400
1156,1292.2737620787523,71.375,400
1157,1691.4877422516988,88.578125,400
1158,1686.9215728752545,90.140625,400
1159,1344.3175884698862,73.5625,400
1160,1303.189977426667,73.71875,400
1161,1643.0502525316956,85.109375,400
1162,1566.6773194914094,86.15625,400
1163,1534.4000000000024,82.546875,400
1164,1137.2723074309313,59.640625,400
1165,1196.9902277713531,61.84375,400
1166,1183.775571099102,60.890625,400
1167,1552.1690481051562,83.421875,400
1168,1535.1684726928795,80.078125,400
1169,1559.5402277713542,84.640625,400
1170,1227.844448724538,64.21875,400
1171,1490.5514707296102,77.84375,400
1172,1713.3791847198302,90.515625,400
1173,1557.018871125854,85.90625,400
1174,1409.6255710991043,74.59375,400
1175,1582.2484378812835,85.234375,400
1176,1545.5215728752576,85.28125,400
1177,1533.4021849295086,79.140625,400
1178,1441.163932022501,78.96875,400
1179,1622.7514707296118,84.34375,400
1180,1546.6584770132044,81.265625,400
1181,1590.537722339833,88.203125,400
1182,1698.1353068170388,88.328125,400
1183,1528.7792027106082,79.5625,400
1184,1604.4696601125,82.75,400
1185,913.6992647456327,48.15625,400
1186,1688.6059962546833,89.9375,400
1187,1462.250000000002,75.09375,400
1188,1735.3899774266656,89.578125,400
1189,1602.4991228745068,85.46875,400
1190,1146.6988373664797,59.84374999999999,400
1191,1587.0190481051548,84.046875,400
1192,1433.3511421982103,81.5625,400
1193,1693.779167967938,89.578125,400
1194,1588.5836270247921,85.375,400
1195,1560.623527321379,81.421875,400
1196,1535.4448751620469,82.078125,400
1197,1562.6444487245337,81.578125,400
1198,1407.2198901107213,77.046875,400
1199,1658.9596934910912,85.875,400
1200,1574.02731949141,82.828125,400
1201,1718.9307975947982,88.453125,400
1202,1648.688897449075,89.0625,400
1203,1439.035805861408,76.6875,400
1204,1450.8778640450037,75.65625,400
1205,1513.6458980337518,79.5625,400
1206,1685.8484378812834,88.9375,400
1207,1447.2778640450015,76.359375,400
1208,175.74912287450485,10.953125,400
1209,1495.013747671702,83.84375,400
1210,1457.6475134127297,84.234375,400
1211,1724.18612181134,89.265625,400
1212,1532.3995327204857,81.6875,400
1213,1617.150000000003,85.671875,400
1214,1631.3237620787509,83.75,400
1215,1572.910589701953,84.640625,400
1216,1629.2967221921324,84.90625,400
1217,1457.1188711258508,77.53125,400
1218,1701.8417960675024,88.53125,400
1219,1634.547224362269,89.34375,400
1220,818.3958980337546,50.0625,400
1221,1568.0342268941354,82.796875,400
1222,1687.8084770132064,88.046875,400
1223,1195.7330094339736,63.5,400
1224,1612.100000000003,83.15625,400
1225,1195.6688711258523,63.64062499999999,400
1226,1683.6807975947995,87.03125,400
1227,1390.2690481051568,74.796875,400
1228,1647.0500000000002,86.515625,400
1229,1645.8084770132039,85.25,400
1230,1550.1350179569326,83.453125,400
1231,494.5884471871927,28.031250000000004,400
1232,1667.8153415615736,87.71875,400
1233,1496.7384471871906,79.296875,400
1234,1316.3574175964352,73.421875,400
1235,1511.6639320224995,79.34375,400
1236,1245.414466094068,68.359375,400
1237,1569.1198901107205,80.546875,400
1238,1643.092113447068,85.640625,400
1239,1429.99430584958,73.4375,400
1240,1602.1675884698818,82.90625,400
1241,1523.3148351928694,81.015625,400
1242,1463.8500000000051,78.3125,400
1243,1405.8002525316947,73.4375,400
1244,1525.1798467455462,78.09375,400
1245,153.50218492950657,9.296875,400
1246,1629.5491228745054,83.609375,400
1247,1665.79530008928,88.40625,400
1248,1730.0917960675035,91.28125,400
1249,1596.005996254686,83.796875,400
1250,1512.2431457505074,78.265625,400
1251,1610.449122874506,84.109375,400
1252,1596.267237469702,81.984375,400
1253,1637.044305849581,85.1875,400
1254,1706.8861218113407,88.015625,400
1255,1515.792113447067,80.125,400
1256,1406.9675884698866,76.078125,400
1257,1526.9000000000015,81.953125,400
1258,1444.4177754329953,79.5625,400
1259,525.764466094071,28.734375,400
1260,1648.255852885974,85.890625,400
1261,1554.5443058495803,80.5,400
1262,1677.575771634344,87.25,400
1263,1655.5198901107194,86.25,400
1264,1716.3076118445763,88.03125,400
1265,1499.1377223398304,79.578125,400
1266,1660.632165576192,85.359375,400
1267,1635.1678754017164,85.90625,400
1268,1541.2000000000035,79.609375,400
1269,1407.1000000000022,74.46875,400
1270,1578.3169656263433,82.46875,400
1271,1657.6443058495802,85.6875,400
1272,1693.8519609728178,86.875,400
1273,1652.8422359359542,84.703125,400
1274,1651.8684726928802,86.578125,400
1275,1542.0988373664782,79.34375,400
1276,1645.9521849295065,84.6875,400
1277,1506.7040969935222,78.421875,400
1278,1163.395898033751,61.79687499999999,400
1279,1213.6289321881356,64.0,400
1280,1534.499122874505,79.875,400
1281,1637.087087982162,84.421875,400
1282,1544.0845240525778,83.921875,400
1283,1499.6178754017178,84.578125,400
1284,1514.9086187348544,87.0,400
1285,1472.7519609728183,76.34375,400
1286,1757.4323079691637,90.34375,400
1287,1618.4972243622706,85.609375,400
1288,1071.1688611699149,55.46875,400
1289,1565.7958980337537,80.21875,400
1290,1249.0943058495816,66.09375,400
1291,1567.494875162046,85.265625,400
1292,1398.144875162046,76.140625,400
1293,1443.5336270247913,75.859375,400
1294,1251.4000000000017,68.875,400
1295,1370.6509804864083,72.078125,400
1296,1015.2690481051555,51.859375,400
1297,1741.368472692881,90.703125,400
1298,1437.34767473296,80.234375,400
1299,210.66723746970206,11.328125,400
1300,1603.5286796564433,84.375,400
1301,1433.2596934910923,75.953125,400
1302,1695.5933960420848,87.09375,400
1303,1582.8768943743805,82.625,400
1304,1576.2482457490114,81.015625,400
1305,1634.3377223398313,85.140625,400
1306,1187.629167967938,60.828125,400
1307,1535.7807975947987,79.1875,400
1308,1589.3323079691663,83.328125,400
1309,1579.5910894683652,84.953125,400
1310,1599.3004902432026,83.125,400
1311,1592.2307975947997,83.765625,400
1312,1628.610589701949,84.1875,400
1313,1624.6443058495813,83.703125,400
1314,1490.673527321377,78.625,400
1315,1321.6413786156866,67.953125,400
1316,1629.26847269288,84.1875,400
1317,1606.9958980337524,84.953125,400
1318,266.5884471871918,15.84375,400
1319,1661.4922359359562,87.078125,400
1320,1379.658477013203,73.65625,400
1321,1778.2065835097462,91.4375,400
1322,1237.6768943743841,66.015625,400
1323,1397.6116807317228,74.734375,400
1324,1597.7000000000025,82.4375,400
1325,1588.0500000000002,82.078125,400
1326,1348.6377223398345,75.140625,400
1327,1631.9098300562498,83.328125,400
1328,1606.7000000000023,83.96875,400
1329,1565.9574175964358,83.484375,400
1330,1700.4292027106058,88.703125,400
1331,1517.4000000000003,77.859375,400
1332,1331.4499999999994,69.421875,400
1333,1242.834524052578,66.765625,400
1334,1650.310589701951,85.59375,400
1335,1514.4169656263427,81.8125,400
1336,1464.9139320225013,76.078125,400
1337,1617.0223074309324,84.109375,400
1338,1608.7592291538663,83.71875,400
1339,1686.5948751620479,87.75,400
1340,1603.3037780052778,84.796875,400
1341,1637.4188711258494,84.984375,400
1342,1366.142113447068,71.8125,400
1343,1683.369048105156,88.6875,400
1344,1592.8448751620474,81.96875,400
1345,1625.044305849581,84.015625,400
1346,1497.8491228745072,81.421875,400
1347,1380.9341439002696,71.265625,400
1348,1446.107417596433,76.203125,400
1349,1607.6858058614068,82.828125,400
1350,1701.5198901107212,88.90625,400
1351,1617.7514707296102,84.078125,400
1352,1631.9000000000026,83.796875,400
1353,1640.0576118445779,87.625,400
1354,1600.1492647456355,84.8125,400
1355,1441.984226894138,76.578125,400
1356,1229.884927093631,64.40625,400
1357,1686.801470729611,86.59375,400
1358,1593.2917960675027,81.9375,400
1359,1609.344875162048,86.859375,400
1360,1580.4861218113404,81.96875,400
1361,1312.5858058614094,67.0625,400
1362,1513.0598300562515,79.703125,400
1363,1343.4000000000015,69.1875,400
1364,1532.3861218113404,78.484375,400
1365,1594.0458980337526,87.09375,400
1366,1496.256583509748,77.578125,400
1367,1644.496375952927,85.09375,400
1368,1535.198837366481,82.375,400
1369,1485.8402277713521,79.34375,400
1370,1634.9500000000025,84.65625,400
1371,1521.3845240525789,79.171875,400
1372,1542.0502525316974,82.546875,400
1373,161.55218492950692,9.625,400
1374,1585.1467304088706,82.65625,400
1375,1578.610589701956,92.84375,400
1376,1653.491796067505,89.703125,400
1377,1693.8779981273415,88.9375,400
1378,1476.2178754017139,76.765625,400
1379,1418.9448751620473,75.5625,400
1380,1599.200000000003,83.109375,400
1381,1640.4491228745069,85.90625,400
1382,1623.3779981273426,85.84375,400
1383,1466.9289321881377,78.125,400
1384,1480.8853068170367,76.21875,400
1385,1442.5098300562493,74.453125,400
1386,1119.623527321382,68.5,400
1387,1460.750000000002,75.953125,400
1388,1513.0897503240963,79.359375,400
1389,1596.3476500446407,82.640625,400
1390,1582.9235267810188,86.71875,400
1391,1633.6353068170363,83.84375,400
1392,1424.3910894683638,74.0625,400
1393,339.25735931288034,19.09375,400
1394,1626.0410894683637,88.390625,400
1395,1682.7384471871928,86.71875,400
1396,1619.0147186257625,85.171875,400
1397,1521.776894374384,80.09375,400
1398,1773.8446148618646,92.140625,400
1399,1351.341089468365,72.734375,400
1400,1526.4059962546855,84.328125,400
1401,1469.3853068170383,77.1875,400
1402,713.5000000000017,35.875,400
1403,1159.9345240525788,62.29687499999999,400
1404,1577.6345240525754,81.8125,400
1405,1540.9916730868065,81.40625,400
1406,1203.634143900271,61.85937500000001,400
1407,1532.3584770132047,80.734375,400
1408,1417.5917960675044,78.015625,400
1409,1527.814835192867,80.9375,400
1410,1634.985805861411,86.015625,400
1411,1650.8849270936332,84.546875,400
1412,1601.241796067502,83.3125,400
1413,1586.5076118445752,81.890625,400
1414,1663.3105897019548,85.765625,400
1415,1600.7690481051548,82.890625,400
1416,1528.5321655761918,80.84375,400
1417,1506.5292027106068,77.109375,400
1418,1632.0500000000006,87.921875,400
1419,1581.1377223398324,83.421875,400
1420,1713.9858058614118,88.875,400
1421,1716.3688611699158,88.421875,400
1422,1564.337722339832,83.453125,400
1423,1630.175444679665,87.6875,400
1424,1575.8958980337488,82.265625,400
1425,1447.2148351928686,76.34375,400
1426,1509.3278640450003,78.171875,400
1427,1394.3499999999974,73.90625,400
1428,1623.0222527893,86.671875,400
1429,1583.1421134470695,84.875,400
1430,1411.8037780052769,74.484375,400
1431,1573.0492647456335,81.65625,400
1432,1669.5684726928794,85.734375,400
1433,1623.4999999999984,85.3125,400
1434,1597.7065835097512,83.75,400
1435,1721.5791679679396,93.09375,400
1436,1232.0917560805308,68.25,400
1437,1681.435805861413,87.625,400
1438,1529.3153415615752,82.53125,400
1439,1409.7493902665733,73.5625,400
1440,1615.7358058614113,85.3125,400
1441,1449.0902277713553,75.28125,400
1442,1419.3698901107225,78.0,400
1443,1139.6910894683642,64.328125,400
1444,1599.6476500446431,83.078125,400
1445,1578.056583509748,82.65625,400
1446,1616.2333461736077,83.90625,400
1447,1715.459830056251,90.765625,400
1448,1818.2598300562502,93.3125,400
1449,1602.0842268941412,86.125,400
1450,1464.4735267810195,77.203125,400
1451,1502.0639320224996,78.6875,400
1452,1449.7500000000034,76.828125,400
1453,1605.5475134127287,82.46875,400
1454,1390.0237620787534,73.859375,400
1455,1113.6410894683659,63.578125,400
1456,1610.630455542707,84.484375,400
1457,1629.3500000000008,86.546875,400
1458,1725.8653415615756,89.140625,400
1459,1225.0502525316965,69.390625,400
1460,1625.000000000004,86.984375,400
1461,1578.3402277713567,82.65625,400
1462,1498.2798351660795,77.15625,400
1463,1497.3443058495836,82.703125,400
1464,1183.5943058495811,70.96875,400
1465,1431.3172374697044,78.5,400
1466,1289.6397503240976,70.296875,400
1467,1622.1858058614096,84.53125,400
1468,1635.7292027106055,84.515625,400
1469,1610.2943058495796,85.59375,400
1470,1730.3500000000006,90.140625,400
1471,1496.1574175964336,76.65625,400
1472,1661.3235267810207,88.84375,400
1473,1454.2779981273457,81.609375,400
1474,1685.9263403412058,88.71875,400
1475,1417.5500000000025,73.640625,400
1476,1771.1953136438533,93.75,400
1477,1534.4574175964356,80.703125,400
1478,1636.9644660940698,84.328125,400
1479,1579.848561225543,81.4375,400
1480,1634.2596934910914,85.625,400
1481,1526.585805861412,84.90625,400
1482,1524.5493902665744,79.203125,400
1483,1645.8279981273447,85.765625,400
1484,1259.4410894683654,69.0625,400
1485,1419.5598300562538,75.390625,400
1486,1379.43452405258,75.65625,400
1487,1650.18580586141,85.421875,400
1488,1635.8976500446424,86.984375,400
1489,1585.8009109647721,81.90625,400
1490,1350.7698901107196,70.125,400
1491,1673.675571099104,87.671875,400
1492,1520.6000000000001,79.96875,400
1493,1633.4573593128796,86.453125,400
1494,1492.0698901107207,77.609375,400
1495,1466.1500000000008,76.015625,400
1496,1573.4255710991026,82.984375,400
1497,1806.7758562045528,93.25,400
1498,1565.5605897019511,80.484375,400
1499,1603.0798351660796,83.46875,400
1500,1533.0948751620454,81.0625,400
1501,1656.9789321881367,86.4375,400
1502,1692.7791679679399,90.6875,400
1503,1474.9492647456343,78.3125,400
1504,1587.9499999999998,81.9375,400
1505,1646.8943058495822,84.953125,400
1506,1588.9145447232097,83.46875,400
1507,1478.3476747329594,80.203125,400
1508,1609.3153415615752,83.921875,400
1509,1646.591673086804,86.59375,400
1510,1649.1059962546858,86.078125,400
1511,1527.8492647456362,85.921875,400
1512,1664.6000000000029,85.484375,400
1513,1658.498837366478,84.9375,400
1514,1395.7298467455446,74.859375,400
1515,1659.8796703857327,86.140625,400
1516,1587.866965626342,84.109375,400
1517,1620.500000000001,84.0,400
1518,1680.24843788128,86.28125,400
1519,1899.7350179569319,99.53125,400
1520,1496.8215728752552,79.390625,400
1521,1501.5139320225028,81.140625,400
1522,1254.6099450553615,68.859375,400
1523,1288.1307975947989,71.109375,400
1524,1567.3307975947978,83.71875,400
1525,1531.9755710991033,81.578125,400
1526,1596.8444487245388,88.078125,400
1527,1499.427864045003,81.3125,400
1528,1657.9475134127294,85.453125,400
1529,1705.5958980337487,88.828125,400
1530,1589.4921134470712,86.609375,400
1531,1635.2410894683633,84.953125,400
1532,1520.6381257919243,81.171875,400
1533,1523.598437881282,78.46875,400
1534,1398.6342268941357,76.34375,400
1535,1488.04589803375,77.1875,400
1536,1557.0500000000009,84.203125,400
1537,1709.9792027106053,89.15625,400
1538,1647.8448751620474,85.234375,400
1539,1540.217588469888,82.703125,400
1540,1585.8402277713524,81.71875,400
1541,1531.0773194914098,78.546875,400
1542,723.8254446796673,43.21875,400
1543,1695.6500000000015,88.25,400
1544,1560.6500000000026,81.953125,400
1545,1479.167588469886,79.734375,400
1546,1121.2500000000055,69.40625,400
1547,1608.6696601125027,83.34375,400
1548,1570.588447187191,83.4375,400
1549,1564.3468757625692,79.875,400
1550,1596.9000000000026,86.234375,400
1551,1572.3972243622688,85.015625,400
1552,819.5678754017148,42.140625,400
1553,1794.2991228745059,92.796875,400
1554,1469.235306817037,76.515625,400
1555,1671.0648351928658,87.53125,400
1556,1575.7500000000011,85.78125,400
1557,1647.1296703857324,86.703125,400
1558,1383.1500000000008,74.453125,400
1559,1561.4984378812837,82.125,400
1560,1374.5921134470668,71.40625,400
1561,1645.9576118445768,88.421875,400
1562,1561.2258562045542,81.859375,400
1563,1581.1944487245353,80.9375,400
1564,1666.7500000000005,86.890625,400
1565,1512.62230743093,77.90625,400
1566,1567.525856204554,80.8125,400
1567,1494.6991228745078,78.3125,400
1568,1600.125771634345,87.234375,400
1569,1733.777319491407,88.765625,400
1570,1520.351142198206,83.0625,400
1571,1570.4222527892969,80.625,400
1572,1518.550000000002,84.03125,400
1573,1714.3273194914093,91.578125,400
1574,1599.068472692882,83.921875,400
1575,1579.727319491408,87.015625,400
1576,1584.873526781018,82.03125,400
1577,1591.0692450142556,85.4375,400
1578,1483.052488445137,76.546875,400
1579,1505.0991228745033,77.609375,400
1580,1695.759693491092,87.203125,400
1581,1297.6574175964383,80.53125,400
1582,1611.9500000000016,82.84375,400
1583,1674.5958980337496,88.171875,400
1584,1565.1798467455444,83.0,400
1585,1623.4333518108158,84.1875,400
1586,1623.1559962546846,86.421875,400
1587,1648.9943058495783,86.21875,400
1588,1657.2235267810179,85.46875,400
1589,1641.2376941012524,84.609375,400
1590,1586.9598300562502,84.6875,400
1591,1673.5399774266657,86.765625,400
1592,1517.8791679679387,77.78125,400
1593,1709.494875162047,89.015625,400
1594,1656.4268943743834,89.859375,400
1595,1236.2991228745059,66.109375,400
1596,1482.6448751620478,77.40625,400
1597,1635.3000000000006,85.3125,400
1598,1732.2722527892963,91.609375,400
1599,1412.6144660940704,80.296875,400
1600,1027.2188711258511,56.265625,400
1601,1674.142235935959,86.046875,400
1602,1593.6688611699167,84.71875,400
1603,1490.9493902665738,76.59375,400
1604,1477.5943058495827,82.75,400
1605,1378.117831238763,72.515625,400
1606,1507.8453000892805,80.3125,400
1607,1596.8178312387645,84.9375,400
1608,1371.4884471871935,76.46875,400
1609,1467.9043698590158,75.796875,400
1610,1490.75218492951,82.5625,400
1611,1396.9504902432047,73.40625,400
1612,1482.01446609407,76.328125,400
1613,1408.185306817042,75.890625,400
1614,1610.9384471871936,86.0625,400
1615,1588.850000000005,87.5625,400
1616,1249.2944487245366,64.796875,400
1617,1599.7178312387648,86.375,400
1618,1396.286038969324,71.75,400
1619,1158.5514707296147,64.5,400
1620,1579.0499999999995,80.9375,400
1621,1469.8999999999983,76.1875,400
1622,1539.2292027106025,81.671875,400
1623,1546.369048105158,87.765625,400
1624,1633.8368512047816,87.1875,400
1625,1102.4688711258545,66.296875,400
1626,1647.9000000000017,86.421875,400
1627,1592.5402277713563,85.34375,400
1628,1600.88362702479,84.21875,400
1629,1560.5833518108159,86.15625,400
1630,1716.3198901107207,90.25,400
1631,1454.018871125853,74.609375,400
1632,1608.2853068170377,83.359375,400
1633,1550.7992647456347,83.6875,400
1634,1701.98580586141,90.703125,400
1635,1607.15994505536,82.609375,400
1636,1399.700490243203,74.796875,400
1637,1630.7443058495817,86.125,400
1638,1573.6491228745065,83.453125,400
1639,1727.6476500446436,92.15625,400
1640,1369.7096934910905,74.375,400
1641,1619.1379126518716,86.4375,400
1642,1136.549122874506,61.109375,400
1643,1160.8849270936344,63.90625,400
1644,1645.1086187348524,87.09375,400
1645,1509.2500000000032,82.921875,400
1646,1600.3443058495807,82.109375,400
1647,1537.6144660940704,84.734375,400
1648,120.19722436226795,7.640624999999999,400
1649,1651.391756080529,85.96875,400
1650,1759.529167967937,91.328125,400
1651,1653.7833518108164,86.78125,400
1652,1589.0321655761911,85.578125,400
1653,1542.0599450553623,85.078125,400
1654,1610.218871125852,85.9375,400
1655,1336.585017956935,80.5,400
1656,1743.489750324093,89.28125,400
1657,1628.8258562045532,86.15625,400
1658,1478.4916730868044,79.15625,400
1659,1609.6500000000024,84.46875,400
1660,1497.6148351928687,79.4375,400
1661,1666.1000000000033,86.9375,400
1662,1528.8858058614067,79.015625,400
1663,1757.519048105155,89.984375,400
1664,1295.0850179569304,71.046875,400
1665,1414.8573593128829,76.421875,400
1666,1056.8690481051565,55.296875,400
1667,1535.891756080529,84.359375,400
1668,1655.2202966503892,86.59375,400
1669,1522.7148351928636,77.78125,400
1670,1724.926894374384,91.109375,400
1671,1600.1644660940676,83.46875,400
1672,1645.6353068170358,84.3125,400
1673,1505.0443058495814,80.953125,400
1674,1631.7860389693226,84.34375,400
1675,1635.2433982822024,83.890625,400
1676,1476.6491228745049,76.078125,400
1677,1459.2967221921344,75.921875,400
1678,1647.2386422272293,86.921875,400
1679,1520.271572875257,82.046875,400
1680,1622.8502525316942,83.796875,400
1681,1759.9197505292439,91.46875,400
1682,1614.8000000000025,87.6875,400
1683,1724.8184726928823,89.75,400
1684,1814.548837366479,95.234375,400
1685,1505.9644660940717,85.953125,400
1686,1591.8735273213804,84.890625,400
1687,1653.7377422517047,93.359375,400
1688,1712.391089468364,89.890625,400
1689,1423.1065835097481,78.609375,400
1690,1539.2011421982077,83.1875,400
1691,1278.6988373664828,73.296875,400
1692,130.03501795692955,8.875,400
1693,1387.9279981273455,78.65625,400
1694,1579.6910894683622,82.90625,400
1695,1612.9586187348555,86.953125,400
1696,1604.3188711258495,83.546875,400
1697,1420.9099450553576,73.21875,400
1698,1683.3982457490101,86.84375,400
1699,1723.880797594798,88.828125,400
1700,1613.5098300562515,84.84375,400
1701,1553.9254446796647,80.171875,400
1702,1494.68580586141,83.671875,400
1703,1460.6377422517037,77.890625,400
1704,1587.4215728752536,84.390625,400
1705,1709.568472692881,87.9375,400
1706,561.7444487245385,30.53125,400
1707,1457.4076118445757,78.46875,400
1708,1602.4059962546842,84.0,400
1709,1645.0304555427076,87.6875,400
1710,1478.260589701951,76.03125,400
1711,1476.241796067502,77.34375,400
1712,1604.568472692881,84.75,400
1713,1431.2476500446405,75.640625,400
1714,1608.6910894683617,82.609375,400
1715,1559.1186617491867,83.0625,400
1716,1571.947650044643,82.9375,400
1717,1413.54883736648,73.921875,400
1718,1344.8943058495818,70.203125,400
1719,1540.8735273213788,84.53125,400
1720,1288.9694858273222,67.546875,400
1721,1483.9521849295088,84.078125,400
1722,1300.4798467455455,68.75,400
1723,1643.8345240525791,87.046875,400
1724,1364.9994623811338,74.625,400
1725,1724.5754446796673,89.90625,400
1726,1668.1509804864077,86.640625,400
1727,1383.8416730868068,73.0,400
1728,1629.2557280900032,84.421875,400
1729,1577.200000000001,84.859375,400
1730,1763.41454472321,90.484375,400
1731,1543.6877223398312,83.234375,400
1732,1551.9345240525797,86.15625,400
1733,1546.3605897019515,80.25,400
1734,1503.3958980337513,81.90625,400
1735,1744.6899774266676,89.71875,400
1736,1680.3948751620517,94.140625,400
1737,1678.583351810816,86.859375,400
1738,1700.357417596433,88.75,400
1739,1535.3422359359568,78.84375,400
1740,1545.4768943743818,79.0625,400
1741,1532.3773194914063,81.359375,400
1742,1721.4543698590135,88.59375,400
1743,1496.6433982822064,85.578125,400
1744,1677.4639320225015,89.46875,400
1745,1221.3000000000045,68.15625,400
1746,1614.1306831231493,90.421875,400
1747,1579.3139320225018,83.59375,400
1748,1636.8278640449983,85.09375,400
1749,1707.1499999999994,88.4375,400
1750,1652.6499999999985,85.796875,400
1751,1708.7944487245368,87.5625,400
1752,1330.3458980337596,86.125,400
1753,1513.1722527892998,82.703125,400
1754,1505.99589803375,78.90625,400
1755,1723.8500000000008,88.671875,400
1756,1699.185017956929,88.546875,400
1757,1676.4843902290595,86.015625,400
1758,1525.8086187348563,88.25,400
1759,1547.7698721596728,80.84375,400
1760,1486.1521849295086,76.796875,400
1761,1625.8543698590158,83.46875,400
1762,1449.147224362276,88.671875,400
1763,1167.6343902290612,60.265625,400
1764,764.3791679679383,40.0,400
1765,1418.608477013206,79.359375,400
1766,1219.8946148618634,62.734375,400
1767,1497.0009804864085,79.09375,400
1768,1168.1402277713628,73.734375,400
1769,1573.5718254069488,80.65625,400
1770,1741.0304555427108,90.953125,400
1771,1291.2690481051575,71.640625,400
1772,1313.2688611699227,79.4375,400
1773,1175.0147186257602,61.03125,400
1774,1651.550000000004,85.4375,400
1775,1632.0524884451359,85.65625,400
1776,1596.868871125852,85.140625,400
1777,1567.6653415615735,82.625,400
1778,1549.8804555427098,79.484375,400
1779,1596.250000000004,88.140625,400
1780,1415.182307969169,77.4375,400
1781,1438.6988373664801,78.0,400
1782,1708.6881019791865,88.921875,400
1783,1712.7024512160176,89.234375,400
1784,1247.2972243622735,78.328125,400
1785,1722.1999999999996,88.5625,400
1786,1463.91904810516,87.515625,400
1787,1667.7946148618635,86.515625,400
1788,1556.4984378812833,80.03125,400
1789,1301.3845240525857,85.4375,400
1790,1528.7933960420864,80.734375,400
1791,1493.6902277713552,80.546875,400
1792,1066.4688711258545,62.70312500000001,400
1793,1527.8807975948,91.515625,400
1794,1533.5289321881376,80.8125,400
1795,1554.0991228745067,82.46875,400
1796,1659.2796703857314,85.15625,400
1797,1173.88501795693,60.140625,400
1798,1494.867831238769,88.203125,400
1799,1609.6537887487673,86.390625,400
1800,1517.7999999999993,82.546875,400
1801,1529.200252531697,83.8125,400
1802,1332.7807975948042,81.234375,400
1803,1744.1151356759963,89.578125,400
1804,1695.3574175964338,89.0625,400
1805,1566.698837366481,82.03125,400
1806,1530.9976500446467,88.5,400
1807,1428.4417960675046,80.421875,400
1808,1643.272252789299,85.1875,400
1809,1629.3755710991047,89.546875,400
1810,1673.7879126518708,91.0625,400
1811,1805.9099450553597,92.75,400
1812,1462.2307975948,79.046875,400
1813,1577.1921134470695,84.046875,400
1814,1526.5988373664836,86.953125,400
1815,1523.6754446796651,81.671875,400
1816,1572.349462381132,82.046875,400
1817,1639.795898033751,86.5,400
1818,1391.4902277713545,76.0625,400
1819,1246.9758562045517,63.625,400
1820,1527.7499999999998,79.03125,400
1821,1460.308477013204,77.390625,400
1822,927.1484378812936,68.921875,400
1823,1217.9559962546855,65.25,400
1824,1428.7377223398373,84.875,400
1825,1544.3948751620492,86.59375,400
1826,1344.6458980337516,73.796875,400
1827,1518.8778640450028,84.078125,400
1828,1554.7500000000025,85.171875,400
1829,1656.350000000003,86.421875,400
1830,1670.4402277713557,89.890625,400
1831,1599.4576118445764,83.25,400
1832,1641.0723074309308,86.203125,400
1833,1378.1672374697048,74.734375,400
1834,1505.0076118445784,83.453125,400
1835,1700.9004902432036,91.3125,400
1836,1608.8000000000022,90.109375,400
1837,1721.4499999999998,87.96875,400
1838,179.0786796564406,18.421875,400
1839,1463.353778005276,82.390625,400
1840,945.638897449078,58.67187499999999,400
1841,1534.1153415615763,83.25,400
1842,1181.338642227228,60.65625,400
1843,1617.0448751620497,86.640625,400
1844,1649.4843902290625,91.75,400
1845,1382.150000000001,73.4375,400
1846,1620.100000000001,87.171875,400
1847,1528.6330094339726,79.78125,400
1848,1520.6833518108167,81.734375,400
1849,1724.2502525316952,92.828125,400
1850,1579.1502525316942,83.328125,400
1851,1436.5448751620477,75.421875,400
1852,1580.1576118445753,81.078125,400
1853,1603.65258649526,83.171875,400
1854,1513.2,80.828125,400
1855,1638.8755952515942,87.59375,400
1856,1344.0000000000011,69.640625,400
1857,1675.700000000004,87.3125,400
1858,1512.335306817038,80.1875,400
1859,1331.6586187348541,72.859375,400
1860,1548.7823079691661,86.890625,400
1861,1550.2688711258538,86.375,400
1862,1698.6410894683613,87.65625,400
1863,1515.0779981273433,84.1875,400
1864,1492.4004902432066,81.109375,400
1865,158.4139320225004,11.09375,400
1866,1375.5958980337546,77.9375,400
1867,1549.279202710607,83.203125,400
1868,1160.7330094339766,67.75,400
1869,1695.1470781992502,88.9375,400
1870,1554.5074175964332,82.953125,400
1871,1670.017875401717,85.625,400
1872,1679.8178754017154,90.359375,400
1873,1541.9653415615758,82.65625,400
1874,1595.7757716343442,85.40625,400
1875,1574.4058528859741,82.03125,400
1876,1835.501470729614,94.828125,400
1877,1352.283351810819,78.53125,400
1878,1127.657359312882,57.421875,400
1879,1597.218472692881,82.21875,400
1880,1431.0574175964325,76.21875,400
1881,1485.6000000000022,77.4375,400
1882,1633.984524052577,86.984375,400
1883,1439.5922359359577,76.828125,400
1884,1665.0500000000013,91.8125,400
1885,1587.4388974490744,87.765625,400
1886,1612.0279981273432,87.828125,400
1887,1480.4298351660825,80.546875,400
1888,1506.9065835097485,77.796875,400
1889,1353.4099450553622,73.46875,400
1890,1470.9921134470699,78.234375,400
1891,1577.4250621894403,83.25,400
1892,1483.9000000000026,80.859375,400
1893,1468.9688611699173,81.5625,400
1894,998.8968757625667,50.625,400
1895,1490.614466094071,80.4375,400
1896,1579.0779981273422,83.71875,400
1897,1634.4778640450047,86.328125,400
1898,1537.2653415615757,83.546875,400
1899,1596.5098300562508,83.828125,400
1900,1355.6250621894435,74.65625,400
1901,1439.893145750509,75.203125,400
1902,1607.5551899497912,82.78125,400
1903,1638.3768943743833,86.734375,400
1904,1400.3586187348526,73.890625,400
1905,1266.6000000000006,67.828125,400
1906,1686.0988373664798,89.296875,400
1907,1688.0098300562536,89.203125,400
1908,1750.447224362267,92.40625,400
1909,1499.8144660940643,76.546875,400
1910,1687.7009109647724,86.828125,400
1911,1561.105728090002,83.28125,400
1912,1737.2877223398295,90.453125,400
1913,1785.5988373664818,93.90625,400
1914,1641.6491228745049,87.953125,400
1915,1618.3307975947996,83.25,400
1916,1424.8798467455479,78.296875,400
1917,1350.2402277713556,73.765625,400
1918,1700.2804555427083,87.1875,400
1919,1667.3169656263408,88.265625,400
1920,1762.0298467455445,90.203125,400
1921,1638.5972243622698,88.203125,400
1922,1734.2402277713547,88.921875,400
1923,1661.7678754017152,87.390625,400
1924,1710.7723074309329,91.265625,400
1925,1587.9040969935238,83.265625,400
1926,1582.1899774266685,81.40625,400
1927,1719.3992647456353,88.90625,400
1928,1762.9379126518704,91.4375,400
1929,1714.6218254069488,89.78125,400
1930,1492.2698901107199,79.890625,400
1931,1002.3377223398343,55.25,400
1932,1521.203778005277,78.515625,400
1933,1666.9730676608194,86.171875,400
1934,1528.8458980337523,82.578125,400
1935,1211.5139320225012,63.90625,400
1936,1258.3291847198302,68.640625,400
1937,1507.3218254069518,77.40625,400
1938,1685.8235267810167,86.765625,400
1939,1580.4943058495808,82.21875,400
1940,1622.0937515251337,83.828125,400
1941,1524.5188711258531,83.109375,400
1942,1545.9255710991022,81.65625,400
1943,1787.3833518108127,92.21875,400
1944,1643.4204697822527,85.296875,400
1945,1639.6361218113407,84.5,400
1946,1632.2841439002686,84.6875,400
1947,1518.4499999999996,79.96875,400
1948,1103.9899774266676,58.890625,400
1949,1698.8999999999996,89.5625,400
1950,704.4500000000052,35.984375,400
1951,1620.5492647456338,84.515625,400
1952,1494.0537887487674,84.15625,400
1953,1564.9791679679372,80.765625,400
1954,1674.233009433973,88.796875,400
1955,1468.2065835097492,75.21875,400
1956,1585.0509109647717,81.78125,400
1957,1605.1175884698832,83.78125,400
1958,1464.7410894683644,76.546875,400
1959,1597.7448751620461,82.375,400
1960,1649.006583509747,85.34375,400
1961,1645.4468757625684,86.21875,400
1962,1494.743398282204,82.90625,400
1963,270.5991228745044,16.484375,400
1964,1577.540227771354,84.984375,400
1965,1629.7000000000003,85.0625,400
1966,1677.9584770132028,87.046875,400
1967,1669.887912651872,85.75,400
1968,1542.9000000000012,80.171875,400
1969,1526.7872877894872,78.375,400
1970,1299.4402277713532,69.734375,400
1971,1655.9198901107227,90.96875,400
1972,1558.4105897019535,79.953125,400
1973,1481.9307975947975,75.90625,400
1974,1525.9779981273443,83.84375,400
1975,1568.8895878505366,85.28125,400
1976,1486.1000000000029,79.609375,400
1977,1528.8988373664768,78.84375,400
1978,1657.5147186257625,86.03125,400
1979,1611.8992647456346,85.671875,400
1980,1643.6448751620474,85.03125,400
1981,1715.5000000000027,87.96875,400
1982,1590.559830056253,83.3125,400
1983,1644.5879126518707,84.65625,400
1984,1501.4188711258505,76.875,400
1985,1598.7537780052758,88.5625,400
1986,1394.1444487245371,75.671875,400
1987,1424.2002525316955,76.3125,400
1988,1201.1349270936332,62.5,400
1989,135.82557109910235,8.84375,400
1990,1535.6499999999992,80.28125,400
1991,1467.6842268941396,79.359375,400
1992,1643.7292027106048,84.578125,400
1993,906.6754446796656,50.875,400
1994,1647.1342268941373,86.625,400
1995,1606.8967304088733,88.328125,400
1996,1536.1505050633893,80.078125,400
1997,1661.9172540495777,86.84375,400
1998,1624.6999999999996,85.125,400
1999,1411.3278640450012,76.84375,400
2000,1139.898437881285,59.046875,400
